name	bin	coverage	relative	mean
bin_1	1	1.1966921119592875	1.0239549218727602	1.1686960884670587
bin_2	2	1.186437659033079	1.015180653671299	1.1686960884670587
bin_3	3	1.1710178117048347	1.0019865928026004	1.1686960884670587
bin_4	4	1.168269720101781	0.9996351760141193	1.1686960884670587
bin_5	5	1.1659796437659034	0.9976756620237187	1.1686960884670587
bin_6	6	1.1599236641221373	0.9924938361379921	1.1686960884670587
bin_7	7	1.14941475826972	0.9835018441598197	1.1686960884670587
bin_8	8	1.1596692111959288	0.992276112361281	1.1686960884670587
bin_9	9	1.1637404580152673	0.9957596927886602	1.1686960884670587
bin_10	10	1.1566157760814249	0.9896634270407465	1.1686960884670587
bin_11	11	1.1451908396946564	0.9798876294664138	1.1686960884670587
bin_12	12	1.1422391857506362	0.977362033656564	1.1686960884670587
bin_13	13	1.1545801526717556	0.9879216368270569	1.1686960884670587
bin_14	14	1.153027989821883	0.9865935217891187	1.1686960884670587
bin_15	15	1.1549872773536896	0.9882699948697949	1.1686960884670587
bin_16	16	1.1639949109414758	0.9959774165653713	1.1686960884670587
bin_17	17	1.1695928753180662	1.0007673396530177	1.1686960884670587
bin_18	18	1.1828753180661578	1.0121325207973422	1.1686960884670587
bin_19	19	1.201857506361323	1.0283747145399973	1.1686960884670587
bin_20	20	1.206005089058524	1.0319236121003899	1.1686960884670587
bin_21	21	1.2089821882951655	1.034470980287911	1.1686960884670587
bin_22	22	1.1951145038167938	1.0226050344571507	1.1686960884670587
bin_23	23	1.194503816793893	1.0220824973930438	1.1686960884670587
bin_24	24	1.1957506361323156	1.0231493438989288	1.1686960884670587
bin_25	25	1.2049872773536896	1.0310527169935453	1.1686960884670587
bin_26	26	1.2238931297709923	1.047229593603187	1.1686960884670587
bin_27	27	1.238142493638677	1.0594221250990141	1.1686960884670587
bin_28	28	1.2395165394402035	1.0605978334932546	1.1686960884670587
bin_29	29	1.2502290076335878	1.069764004492796	1.1686960884670587
bin_30	30	1.263765903307888	1.0813469094138317	1.1686960884670587
bin_31	31	1.26852417302799	1.0854183440383312	1.1686960884670587
bin_32	32	1.2534860050890586	1.0725508688346994	1.1686960884670587
bin_33	33	1.2474554707379135	1.067390815326644	1.1686960884670587
bin_34	34	1.249618320610687	1.0692414674286892	1.1686960884670587
bin_35	35	1.2544783715012722	1.073399991563873	1.1686960884670587
bin_36	36	1.2556234096692112	1.0743797485590734	1.1686960884670587
bin_37	37	1.266793893129771	1.0839378223566951	1.1686960884670587
bin_38	38	1.2612977099236642	1.0792349887797332	1.1686960884670587
bin_39	39	1.260025445292621	1.0781463698961773	1.1686960884670587
bin_40	40	1.2565139949109414	1.0751417817775626	1.1686960884670587
bin_41	41	1.2520101781170483	1.0712880709297743	1.1686960884670587
bin_42	42	1.2584223918575064	1.0767747101028966	1.1686960884670587
bin_43	43	1.2451653944020356	1.065431301336243	1.1686960884670587
bin_44	44	1.2317048346055979	1.0539137135482208	1.1686960884670587
bin_45	45	1.2259033078880408	1.0489496114392056	1.1686960884670587
bin_46	46	1.2217557251908397	1.045400713878813	1.1686960884670587
bin_47	47	1.218854961832061	1.0429186628243055	1.1686960884670587
bin_48	48	1.2121882951653944	1.037214299874472	1.1686960884670587
bin_49	49	1.2072010178117047	1.0329469138509326	1.1686960884670587
bin_50	50	1.2043511450381679	1.0305084075517672	1.1686960884670587
bin_51	51	1.2026972010178116	1.0290932030031443	1.1686960884670587
bin_52	52	1.1924173027989822	1.020297162424012	1.1686960884670587
bin_53	53	1.186005089058524	1.0148105232508897	1.1686960884670587
bin_54	54	1.1803562340966922	1.0099770554079013	1.1686960884670587
bin_55	55	1.1835114503816795	1.0126768302391203	1.1686960884670587
bin_56	56	1.184173027989822	1.0132429120585693	1.1686960884670587
bin_57	57	1.1884478371501273	1.0169006715073174	1.1686960884670587
bin_58	58	1.1880661577608143	1.0165740858422505	1.1686960884670587
bin_59	59	1.1954961832061068	1.0229316201222176	1.1686960884670587
bin_60	60	1.2214503816793894	1.0451394453467597	1.1686960884670587
bin_61	61	1.2175826972010177	1.0418300439407493	1.1686960884670587
bin_62	62	1.2050636132315522	1.0311180341265587	1.1686960884670587
bin_63	63	1.210407124681934	1.0356902334374938	1.1686960884670587
bin_64	64	1.2082442748091604	1.0338395813354486	1.1686960884670587
bin_65	65	1.2076081424936387	1.0332952718936705	1.1686960884670587
bin_66	66	1.210788804071247	1.0360168191025605	1.1686960884670587
bin_67	67	1.2085241730279899	1.034079077489831	1.1686960884670587
bin_68	68	1.2182188295165395	1.0423743533825274	1.1686960884670587
bin_69	69	1.214173027989822	1.0389125453328194	1.1686960884670587
bin_70	70	1.2125445292620864	1.0375191131618677	1.1686960884670587
bin_71	71	1.2193638676844785	1.043354110377728	1.1686960884670587
bin_72	72	1.2192875318066159	1.0432887932447146	1.1686960884670587
bin_73	73	1.2140458015267175	1.0388036834444638	1.1686960884670587
bin_74	74	1.2101017811704835	1.0354289649054402	1.1686960884670587
bin_75	75	1.2063358778625954	1.0322066530101146	1.1686960884670587
bin_76	76	1.1939694656488549	1.0216252774619503	1.1686960884670587
bin_77	77	1.1933587786259543	1.0211027403978437	1.1686960884670587
bin_78	78	1.2084478371501273	1.0340137603568176	1.1686960884670587
bin_79	79	1.219236641221374	1.0432452484893722	1.1686960884670587
bin_80	80	1.2225445292620865	1.0460756575866177	1.1686960884670587
bin_81	81	1.2146310432569976	1.0393044481308997	1.1686960884670587
bin_82	82	1.209643765903308	1.0350370621073601	1.1686960884670587
bin_83	83	1.2063104325699745	1.0321848806324434	1.1686960884670587
bin_84	84	1.206615776081425	1.0324461491644967	1.1686960884670587
bin_85	85	1.200356234096692	1.0270901442574014	1.1686960884670587
bin_86	86	1.2025190839694657	1.0289407963594466	1.1686960884670587
bin_87	87	1.2073282442748092	1.0330557757392882	1.1686960884670587
bin_88	88	1.196437659033079	1.023737198096049	1.1686960884670587
bin_89	89	1.192671755725191	1.0205148862007234	1.1686960884670587
bin_90	90	1.1938167938931297	1.0214946431959235	1.1686960884670587
bin_91	91	1.2090330788804071	1.0345145250432533	1.1686960884670587
bin_92	92	1.221882951653944	1.0455095757671686	1.1686960884670587
bin_93	93	1.2082442748091604	1.0338395813354486	1.1686960884670587
bin_94	94	1.2132315521628498	1.038106967358988	1.1686960884670587
bin_95	95	1.2127735368956742	1.0377150645609077	1.1686960884670587
bin_96	96	1.2234351145038167	1.046837690805107	1.1686960884670587
bin_97	97	1.230407124681934	1.052803322286994	1.1686960884670587
bin_98	98	1.2276590330788804	1.0504519054985129	1.1686960884670587
bin_99	99	1.224529262086514	1.047773903044965	1.1686960884670587
bin_100	100	1.2138931297709923	1.038673049178437	1.1686960884670587
bin_101	101	1.2061577608142493	1.0320542463664166	1.1686960884670587
bin_102	102	1.2147582697201018	1.039413310019255	1.1686960884670587
bin_103	103	1.2238676844783716	1.047207821225516	1.1686960884670587
bin_104	104	1.2181933842239185	1.0423525810048564	1.1686960884670587
bin_105	105	1.2212468193384225	1.0449652663253908	1.1686960884670587
bin_106	106	1.226615776081425	1.0495592380139969	1.1686960884670587
bin_107	107	1.219058524173028	1.0430928418456744	1.1686960884670587
bin_108	108	1.2212977099236642	1.045008811080733	1.1686960884670587
bin_109	109	1.2093893129770992	1.0348193383306488	1.1686960884670587
bin_110	110	1.2102798982188294	1.035581371549138	1.1686960884670587
bin_111	111	1.198676844783715	1.0256531673311076	1.1686960884670587
bin_112	112	1.1751653944020357	1.005535490362993	1.1686960884670587
bin_113	113	1.1675063613231553	0.9989820046839859	1.1686960884670587
bin_114	114	1.1824173027989822	1.011740617999262	1.1686960884670587
bin_115	115	1.1916284987277355	1.0196222187162074	1.1686960884670587
bin_116	116	1.1801526717557251	1.0098028763865323	1.1686960884670587
bin_117	117	1.176055979643766	1.0062975235814822	1.1686960884670587
bin_118	118	1.1741984732824426	1.0047081400114903	1.1686960884670587
bin_119	119	1.1816793893129771	1.0111092190467996	1.1686960884670587
bin_120	120	1.1840458015267175	1.0131340501702135	1.1686960884670587
bin_121	121	1.1895928753180662	1.0178804285025178	1.1686960884670587
bin_122	122	1.1808651399491095	1.0104125029613238	1.1686960884670587
bin_123	123	1.1643256997455471	0.996260457475096	1.1686960884670587
bin_124	124	1.1678371501272264	0.9992650455937104	1.1686960884670587
bin_125	125	1.1718066157760814	1.002661536510405	1.1686960884670587
bin_126	126	1.1818066157760814	1.011218080935155	1.1686960884670587
bin_127	127	1.1781424936386768	1.008082858550514	1.1686960884670587
bin_128	128	1.1753435114503816	1.0056878970066907	1.1686960884670587
bin_129	129	1.1668956743002545	0.998459467619879	1.1686960884670587
bin_130	130	1.1602544529262087	0.9927768770477168	1.1686960884670587
bin_131	131	1.1588295165394402	0.9915576238981341	1.1686960884670587
bin_132	132	1.1546055979643766	0.9879434092047281	1.1686960884670587
bin_133	133	1.150534351145038	0.9844598287773489	1.1686960884670587
bin_134	134	1.1621882951653943	0.9944315777507218	1.1686960884670587
bin_135	135	1.156793893129771	0.9898158336844445	1.1686960884670587
bin_136	136	1.1473027989821882	0.9816947368131167	1.1686960884670587
bin_137	137	1.153027989821883	0.9865935217891187	1.1686960884670587
bin_138	138	1.1442748091603054	0.9791038238702536	1.1686960884670587
bin_139	139	1.1342748091603054	0.9705472794455036	1.1686960884670587
bin_140	140	1.1465394402035622	0.9810415654829832	1.1686960884670587
bin_141	141	1.1608651399491094	0.9932994141118237	1.1686960884670587
bin_142	142	1.1615521628498728	0.9938872683089439	1.1686960884670587
bin_143	143	1.173002544529262	1.0036848382609476	1.1686960884670587
bin_144	144	1.1776081424936387	1.0076256386194204	1.1686960884670587
bin_145	145	1.179618320610687	1.0093456564554388	1.1686960884670587
bin_146	146	1.1666157760814249	0.9982199714654966	1.1686960884670587
bin_147	147	1.1732569974554707	1.003902562037659	1.1686960884670587
bin_148	148	1.1893129770992366	1.0176409323481355	1.1686960884670587
bin_149	149	1.187913486005089	1.016443451576224	1.1686960884670587
bin_150	150	1.189796437659033	1.0180546075238868	1.1686960884670587
bin_151	151	1.200559796437659	1.0272643232787704	1.1686960884670587
bin_152	152	1.2163613231552164	1.0407849698125358	1.1686960884670587
bin_153	153	1.2198727735368957	1.0437895579311502	1.1686960884670587
bin_154	154	1.2096692111959289	1.0350588344850313	1.1686960884670587
bin_155	155	1.1965903307888042	1.0238678323620758	1.1686960884670587
bin_156	156	1.188651399491094	1.0170748505286864	1.1686960884670587
bin_157	157	1.1950381679389313	1.0225397173241373	1.1686960884670587
bin_158	158	1.1918575063613233	1.0198181701152476	1.1686960884670587
bin_159	159	1.1889821882951654	1.017357891438411	1.1686960884670587
bin_160	160	1.1988295165394403	1.0257838015971343	1.1686960884670587
bin_161	161	1.2072519083969466	1.0329904586062748	1.1686960884670587
bin_162	162	1.1966157760814249	1.0238896047397468	1.1686960884670587
bin_163	163	1.1878880407124681	1.0164216791985528	1.1686960884670587
bin_164	164	1.1926972010178116	1.0205366585783944	1.1686960884670587
bin_165	165	1.202239185750636	1.0287013002050642	1.1686960884670587
bin_166	166	1.1956997455470737	1.0231057991435863	1.1686960884670587
bin_167	167	1.1944034596794708	1.0219966263822544	1.1686960884670587
bin_168	168	1.1916051895192064	1.019602274088379	1.1686960884670587
bin_169	169	1.1971254133808191	1.0243256781590244	1.1686960884670587
bin_170	170	1.2152124141439837	1.039801900713075	1.1686960884670587
bin_171	171	1.202849147799542	1.0292232169419517	1.1686960884670587
bin_172	172	1.1951157466293565	1.0226060978752411	1.1686960884670587
bin_173	173	1.2039684558636479	1.030180957859502	1.1686960884670587
bin_174	174	1.2048842533706436	1.0309645640647704	1.1686960884670587
bin_175	175	1.2011956245230222	1.0278083724046618	1.1686960884670587
bin_176	176	1.180641058254897	1.0102207664641936	1.1686960884670587
bin_177	177	1.1649198677181378	0.9967688599404195	1.1686960884670587
bin_178	178	1.160391757822437	0.992894362592148	1.1686960884670587
bin_179	179	1.1656830323073009	0.9974218651114765	1.1686960884670587
bin_180	180	1.1587636733655557	0.9915012848938931	1.1686960884670587
bin_181	181	1.1548460951411854	0.9881491916824673	1.1686960884670587
bin_182	182	1.1535232765199694	0.9870173160526352	1.1686960884670587
bin_183	183	1.138717883490206	0.9743490157341297	1.1686960884670587
bin_184	184	1.1278046298651743	0.9650110417880148	1.1686960884670587
bin_185	185	1.1325108114983464	0.9690379070095329	1.1686960884670587
bin_186	186	1.1382854235563469	0.9739789794705307	1.1686960884670587
bin_187	187	1.1426100228949376	0.9776793421065203	1.1686960884670587
bin_188	188	1.14070211142203	0.9760468291788778	1.1686960884670587
bin_189	189	1.1462732129229203	0.9808137669275938	1.1686960884670587
bin_190	190	1.1589163062833885	0.9916318859281046	1.1686960884670587
bin_191	191	1.1719918595777157	1.0028200411922144	1.1686960884670587
bin_192	192	1.1615619435258204	0.9938956371877689	1.1686960884670587
bin_193	193	1.1629610786059528	0.9950928133347067	1.1686960884670587
bin_194	194	1.1656830323073009	0.9974218651114765	1.1686960884670587
bin_195	195	1.1656321546680235	0.9973783314334062	1.1686960884670587
bin_196	196	1.1692190282370898	1.000447455737374	1.1686960884670587
bin_197	197	1.1582548969727804	0.9910659481131885	1.1686960884670587
bin_198	198	1.1578987534978378	0.9907612123666953	1.1686960884670587
bin_199	199	1.165581277028746	0.9973347977553356	1.1686960884670587
bin_200	200	1.1691427117781734	1.000382155220268	1.1686960884670587
bin_201	201	1.1507504451793438	0.9846447305977949	1.1686960884670587
bin_202	202	1.1388959552276774	0.9745013836073763	1.1686960884670587
bin_203	203	1.1305265835665226	0.9673400935647848	1.1686960884670587
bin_204	204	1.128262528618672	0.965402844890649	1.1686960884670587
bin_205	205	1.1331467819893157	0.9695820779854137	1.1686960884670587
bin_206	206	1.1288476214703638	0.9659034821884593	1.1686960884670587
bin_207	207	1.132765199694734	0.9692555753998852	1.1686960884670587
bin_208	208	1.1475960315441363	0.9819456425574259	1.1686960884670587
bin_209	209	1.1564741795980666	0.9895422693807222	1.1686960884670587
bin_210	210	1.15599084202493	0.9891286994390529	1.1686960884670587
bin_211	211	1.154769778682269	0.9880838911653615	1.1686960884670587
bin_212	212	1.160849656575935	0.9932861656947823	1.1686960884670587
bin_213	213	1.159526837954719	0.9921542900649503	1.1686960884670587
bin_214	214	1.1625540574917324	0.9947445439101429	1.1686960884670587
bin_215	215	1.1657339099465784	0.997465398789547	1.1686960884670587
bin_216	216	1.173263800559654	1.003908383143976	1.1686960884670587
bin_217	217	1.1724497583312135	1.0032118442948486	1.1686960884670587
bin_218	218	1.1579241923174766	0.9907829792057306	1.1686960884670587
bin_219	219	1.1577715593996438	0.9906523781715191	1.1686960884670587
bin_220	220	1.1660391757822437	0.9977266008579698	1.1686960884670587
bin_221	221	1.1556855761892648	0.9888674973706301	1.1686960884670587
bin_222	222	1.1493258712795726	0.9834257876118219	1.1686960884670587
bin_223	223	1.1484355125922157	0.9826639482455886	1.1686960884670587
bin_224	224	1.1491477995421013	0.9832734197385753	1.1686960884670587
bin_225	225	1.1547443398626305	0.9880621243263265	1.1686960884670587
bin_226	226	1.1543118799287713	0.9876920880627275	1.1686960884670587
bin_227	227	1.1469346222335284	0.9813797047425099	1.1686960884670587
bin_228	228	1.1544390740269652	0.9878009222579037	1.1686960884670587
bin_229	229	1.162477741032816	0.9946792433930371	1.1686960884670587
bin_230	230	1.1715848384634953	1.0024717717676506	1.1686960884670587
bin_231	231	1.1714322055456627	1.0023411707334393	1.1686960884670587
bin_232	232	1.1699821928262528	1.0011004609084309	1.1686960884670587
bin_233	233	1.1642330195878912	0.9961811552864683	1.1686960884670587
bin_234	234	1.1547952175019078	0.9881056580043968	1.1686960884670587
bin_235	235	1.152810989570084	0.9864078445596487	1.1686960884670587
bin_236	236	1.1520987026201985	0.9857983730666623	1.1686960884670587
bin_237	237	1.1527601119308064	0.9863643108815783	1.1686960884670587
bin_238	238	1.157186466547952	0.9901517408737087	1.1686960884670587
bin_239	239	1.1484609514118544	0.9826857150846239	1.1686960884670587
bin_240	240	1.1485627066904096	0.9827727824407648	1.1686960884670587
bin_241	241	1.1567540066140931	0.9897817046101098	1.1686960884670587
bin_242	242	1.151284660391758	0.9851018342175348	1.1686960884670587
bin_243	243	1.141160010175528	0.9764386322815121	1.1686960884670587
bin_244	244	1.1374459425082677	0.9732606737823681	1.1686960884670587
bin_245	245	1.1436530145001271	0.9785717825069649	1.1686960884670587
bin_246	246	1.1408293055202239	0.976155663374054	1.1686960884670587
bin_247	247	1.136631900279827	0.9725641349332407	1.1686960884670587
bin_248	248	1.1531925718646654	0.9867343471451772	1.1686960884670587
bin_249	249	1.159959297888578	0.9925243263285491	1.1686960884670587
bin_250	250	1.1617654540829305	0.9940697719000506	1.1686960884670587
bin_251	251	1.1619180870007633	0.9942003729342622	1.1686960884670587
bin_252	252	1.1627830068684812	0.99494044546146	1.1686960884670587
bin_253	253	1.1741795980666496	1.0046919893492443	1.1686960884670587
bin_254	254	1.17624014245739	1.0064551033110982	1.1686960884670587
bin_255	255	1.1715339608242177	1.0024282380895801	1.1686960884670587
bin_256	256	1.1736708216738743	1.0042566525685397	1.1686960884670587
bin_257	257	1.1728822182650724	1.0035818805584473	1.1686960884670587
bin_258	258	1.1778682269142713	1.0078481810093531	1.1686960884670587
bin_259	259	1.1772576952429408	1.0073257768725075	1.1686960884670587
bin_260	260	1.1693716611549223	1.0005780567715852	1.1686960884670587
bin_261	261	1.1772831340625796	1.007347543711543	1.1686960884670587
bin_262	262	1.1792419231747646	1.0090235903172555	1.1686960884670587
bin_263	263	1.1683286695497328	0.9996856163711407	1.1686960884670587
bin_264	264	1.173823454591707	1.0043872536027512	1.1686960884670587
bin_265	265	1.1796743831086238	1.0093936265808547	1.1686960884670587
bin_266	266	1.1694479776138387	1.000643357288691	1.1686960884670587
bin_267	267	1.1537267870770795	0.987191450764917	1.1686960884670587
bin_268	268	1.1498855253116256	0.983904658070597	1.1686960884670587
bin_269	269	1.1535232765199694	0.9870173160526352	1.1686960884670587
bin_270	270	1.1466039175782243	0.9810967358350519	1.1686960884670587
bin_271	271	1.1571355889086747	0.9901082071956384	1.1686960884670587
bin_272	272	1.1538539811752735	0.9873002849600933	1.1686960884670587
bin_273	273	1.1464767234800306	0.9809879016398758	1.1686960884670587
bin_274	274	1.1459933859068938	0.9805743316982062	1.1686960884670587
bin_275	275	1.1477995421012466	0.9821197772697079	1.1686960884670587
bin_276	276	1.1446451284660393	0.979420689229339	1.1686960884670587
bin_277	277	1.1450775883998983	0.9797907254929379	1.1686960884670587
bin_278	278	1.1446451284660393	0.979420689229339	1.1686960884670587
bin_279	279	1.1415161536504705	0.9767433680280052	1.1686960884670587
bin_280	280	1.1508522004578987	0.9847317979539357	1.1686960884670587
bin_281	281	1.1519715085220046	0.985689538871486	1.1686960884670587
bin_282	282	1.135868735690664	0.9719111297621837	1.1686960884670587
bin_283	283	1.1219791401678962	0.9600264356489465	1.1686960884670587
bin_284	284	1.1310099211396591	0.9677536635064542	1.1686960884670587
bin_285	285	1.136097685067413	0.9721070313135007	1.1686960884670587
bin_286	286	1.1400152632917833	0.9754591245249266	1.1686960884670587
bin_287	287	1.1489697278046298	0.9831210518653285	1.1686960884670587
bin_288	288	1.1607733401170186	0.9932208651776766	1.1686960884670587
bin_289	289	1.143881963876876	0.9787676840582819	1.1686960884670587
bin_290	290	1.1409819384380564	0.9762862644082654	1.1686960884670587
bin_291	291	1.1493767489188502	0.9834693212898923	1.1686960884670587
bin_292	292	1.1588399898244721	0.9915665854109988	1.1686960884670587
bin_293	293	1.163139150343424	0.9952451812079532	1.1686960884670587
bin_294	294	1.1691681505978122	1.0004039220593035	1.1686960884670587
bin_295	295	1.180081404222844	1.0097418960054183	1.1686960884670587
bin_296	296	1.164894428898499	0.9967470931013843	1.1686960884670587
bin_297	297	1.1665733909946578	0.9981837044777097	1.1686960884670587
bin_298	298	1.1705927244975833	1.0016228650452765	1.1686960884670587
bin_299	299	1.1559654032052913	0.9891069326000176	1.1686960884670587
bin_300	300	1.1454591706944797	0.9801172280784664	1.1686960884670587
bin_301	301	1.1267616382599848	0.9641186013875702	1.1686960884670587
bin_302	302	1.118366827779191	0.9569355445059433	1.1686960884670587
bin_303	303	1.107936911727296	0.9480111405014979	1.1686960884670587
bin_304	304	1.10661409310608	0.9468792648716658	1.1686960884670587
bin_305	305	1.1229458153141694	0.9608535755322852	1.1686960884670587
bin_306	306	1.1292292037649454	0.9662299847739879	1.1686960884670587
bin_307	307	1.1316967692699058	0.9683413681604054	1.1686960884670587
bin_308	308	1.1210379038412617	0.9592210626046428	1.1686960884670587
bin_309	309	1.1229712541338082	0.9608753423713206	1.1686960884670587
bin_310	310	1.1388450775883998	0.9744578499293058	1.1686960884670587
bin_311	311	1.1485627066904096	0.9827727824407648	1.1686960884670587
bin_312	312	1.162477741032816	0.9946792433930371	1.1686960884670587
bin_313	313	1.177105062325108	1.007195175838296	1.1686960884670587
bin_314	314	1.185703383363012	1.0145523674322048	1.1686960884670587
bin_315	315	1.1716357161027728	1.002515305445721	1.1686960884670587
bin_316	316	1.1757313660646147	1.0060197665303936	1.1686960884670587
bin_317	317	1.179521750190791	1.0092630255466433	1.1686960884670587
bin_318	318	1.1739506486899007	1.0044960877979272	1.1686960884670587
bin_319	319	1.1694734164334775	1.0006651241277262	1.1686960884670587
bin_320	320	1.1725515136097686	1.0032989116509896	1.1686960884670587
bin_321	321	1.174815568557619	1.0052361603251252	1.1686960884670587
bin_322	322	1.1771559399643856	1.0072387095163666	1.1686960884670587
bin_323	323	1.1716357161027728	1.002515305445721	1.1686960884670587
bin_324	324	1.1672856779445433	0.9987931759706962	1.1686960884670587
bin_325	325	1.1494276265581278	0.9835128549679628	1.1686960884670587
bin_326	326	1.1499872805901805	0.9839917254267377	1.1686960884670587
bin_327	327	1.1430679216484354	0.9780711452091544	1.1686960884670587
bin_328	328	1.1368099720172984	0.9727165028064872	1.1686960884670587
bin_329	329	1.1439328415161536	0.9788112177363524	1.1686960884670587
bin_330	330	1.1759857542610024	1.006237434920746	1.1686960884670587
bin_331	331	1.1832358178580513	1.012440984045787	1.1686960884670587
bin_332	332	1.1783770033070466	1.0082835177900578	1.1686960884670587
bin_333	333	1.163571610277283	0.9956152174715521	1.1686960884670587
bin_334	334	1.153574154159247	0.9870608497307057	1.1686960884670587
bin_335	335	1.1371152378529636	0.9729777048749101	1.1686960884670587
bin_336	336	1.1338336301195624	0.9701697826393649	1.1686960884670587
bin_337	337	1.1319257186466547	0.9685372697117224	1.1686960884670587
bin_338	338	1.1334774866446198	0.9698650468928718	1.1686960884670587
bin_339	339	1.139379292800814	0.9749149535490457	1.1686960884670587
bin_340	340	1.1427626558127704	0.9778099431407318	1.1686960884670587
bin_341	341	1.135970490969219	0.9719981971183245	1.1686960884670587
bin_342	342	1.1387941999491225	0.9744143162512354	1.1686960884670587
bin_343	343	1.1384889341134572	0.9741531141828127	1.1686960884670587
bin_344	344	1.1209870262019843	0.9591775289265725	1.1686960884670587
bin_345	345	1.1121851946069703	0.9516462026203818	1.1686960884670587
bin_346	346	1.0923429152887305	0.9346680681729	1.1686960884670587
bin_347	347	1.0873569066395319	0.9304017677219945	1.1686960884670587
bin_348	348	1.0755024166878657	0.920258420731576	1.1686960884670587
bin_349	349	1.0854998728059018	0.9288127884724224	1.1686960884670587
bin_350	350	1.0870770796235054	0.9301623324926069	1.1686960884670587
bin_351	351	1.0891885016535232	0.9319689801325312	1.1686960884670587
bin_352	352	1.0880437547697788	0.9309894723759459	1.1686960884670587
bin_353	353	1.1097685067412872	0.9495783529120347	1.1686960884670587
bin_354	354	1.1181633172220808	0.9567614097936615	1.1686960884670587
bin_355	355	1.1235563469854999	0.9613759796691309	1.1686960884670587
bin_356	356	1.1228440600356144	0.9607665081761444	1.1686960884670587
bin_357	357	1.1148817094886798	0.9539534875581166	1.1686960884670587
bin_358	358	1.1230730094123633	0.9609624097274615	1.1686960884670587
bin_359	359	1.1277791910455355	0.9649892749489796	1.1686960884670587
bin_360	360	1.1440345967947088	0.9788982850924934	1.1686960884670587
bin_361	361	1.157873314678199	0.9907394455276601	1.1686960884670587
bin_362	362	1.153446960061053	0.9869520155355295	1.1686960884670587
bin_363	363	1.1502162299669296	0.9841876269780551	1.1686960884670587
bin_364	364	1.146222335283643	0.9807702332495235	1.1686960884670587
bin_365	365	1.1526583566522512	0.9862772435254372	1.1686960884670587
bin_366	366	1.1421012465021623	0.9772440053258157	1.1686960884670587
bin_367	367	1.1416179089290257	0.9768304353841463	1.1686960884670587
bin_368	368	1.1487283825025432	0.9829145436854276	1.1686960884670587
bin_369	369	1.1490335707019328	0.9831756793240263	1.1686960884670587
bin_370	370	1.1475076297049847	0.9818700011310328	1.1686960884670587
bin_371	371	1.1444557477110886	0.9792586447450462	1.1686960884670587
bin_372	372	1.1442522889114954	0.9790845543193137	1.1686960884670587
bin_373	373	1.137792472024415	0.9735571833023083	1.1686960884670587
bin_374	374	1.1295523906408953	0.966506521060144	1.1686960884670587
bin_375	375	1.1307731434384538	0.9675510636145388	1.1686960884670587
bin_376	376	1.1155391658189218	0.9545160429878214	1.1686960884670587
bin_377	377	1.112589013224822	0.9519917318147008	1.1686960884670587
bin_378	378	1.1311037639877926	0.9678339605563541	1.1686960884670587
bin_379	379	1.148855544252289	0.9830233502015104	1.1686960884670587
bin_380	380	1.1446592065106815	0.9794327351707786	1.1686960884670587
bin_381	381	1.1349949135300101	0.9711634399484871	1.1686960884670587
bin_382	382	1.1425991861648017	0.9776700696102376	1.1686960884670587
bin_383	383	1.1344608341810782	0.9707064525809393	1.1686960884670587
bin_384	384	1.154883011190234	0.9881807790638343	1.1686960884670587
bin_385	385	1.1625127161749746	0.9947091700288014	1.1686960884670587
bin_386	386	1.1537639877924721	0.987223281722306	1.1686960884670587
bin_387	387	1.1532807731434385	0.9868098169611913	1.1686960884670587
bin_388	388	1.1413679125349605	0.9766165248589617	1.1686960884670587
bin_389	389	1.1327231121281465	0.9692195629865614	1.1686960884670587
bin_390	390	1.1223747775235189	0.9603649645098941	1.1686960884670587
bin_391	391	1.1220696669209256	0.9601038952673389	1.1686960884670587
bin_392	392	1.1141622171370456	0.9533378507311139	1.1686960884670587
bin_393	393	1.1122298499872871	0.9516844121949304	1.1686960884670587
bin_394	394	1.1035596236969234	0.944265694552317	1.1686960884670587
bin_395	395	1.102644291889143	0.9434824868246511	1.1686960884670587
bin_396	396	1.0895245359776253	0.9322565093947732	1.1686960884670587
bin_397	397	1.0923976608187134	0.9347149114288356	1.1686960884670587
bin_398	398	1.085202135774218	0.928558028458573	1.1686960884670587
bin_399	399	1.0810831426392067	0.9250335936840764	1.1686960884670587
bin_400	400	1.081947622679888	0.9257732898713165	1.1686960884670587
bin_401	401	1.0793541825578439	0.9235542013095964	1.1686960884670587
bin_402	402	1.0780828883803713	0.9224664127989494	1.1686960884670587
bin_403	403	1.0813882532418002	0.9252946629266319	1.1686960884670587
bin_404	404	1.0799644037630307	0.9240763397947069	1.1686960884670587
bin_405	405	1.0982710399186373	0.9397404943480253	1.1686960884670587
bin_406	406	1.117950673785914	0.9565794604928421	1.1686960884670587
bin_407	407	1.1274091024663107	0.9646726070120566	1.1686960884670587
bin_408	408	1.140045766590389	0.9754852248078887	1.1686960884670587
bin_409	409	1.1559877955758964	0.9891260927314034	1.1686960884670587
bin_410	410	1.1600813628273583	0.992628771735687	1.1686960884670587
bin_411	411	1.1752606153063818	1.0056169665528132	1.1686960884670587
bin_412	412	1.1766590389016018	1.006813533914525	1.1686960884670587
bin_413	413	1.1889905924230868	1.017365082467802	1.1686960884670587
bin_414	414	1.1862954487668447	1.01505897082523	1.1686960884670587
bin_415	415	1.1832951945080092	1.012491789940103	1.1686960884670587
bin_416	416	1.1863463005339436	1.015102482365656	1.1686960884670587
bin_417	417	1.1889143147724384	1.017299815157163	1.1686960884670587
bin_418	418	1.1822527332824815	1.0115998033613722	1.1686960884670587
bin_419	419	1.161301805237732	0.9936730487059081	1.1686960884670587
bin_420	420	1.1585049580472921	0.9912799139824845	1.1686960884670587
bin_421	421	1.1603101957793034	0.9928245736676035	1.1686960884670587
bin_422	422	1.1535723366386983	0.9870592945611739	1.1686960884670587
bin_423	423	1.1320111873887617	0.9686104014205991	1.1686960884670587
bin_424	424	1.1265446224256292	0.9639329108248166	1.1686960884670587
bin_425	425	1.1280193236714975	0.9651947454971671	1.1686960884670587
bin_426	426	1.1164251207729468	0.9552741142800656	1.1686960884670587
bin_427	427	1.122654462242563	0.9606042779822365	1.1686960884670587
bin_428	428	1.1398423595219933	0.9753111786461851	1.1686960884670587
bin_429	429	1.144749555047038	0.979510042297283	1.1686960884670587
bin_430	430	1.1421815408085432	0.9773127095057759	1.1686960884670587
bin_431	431	1.1368166793796084	0.9727222419908451	1.1686960884670587
bin_432	432	1.1365878464276633	0.9725264400589286	1.1686960884670587
bin_433	433	1.1401220442410374	0.9755504921185275	1.1686960884670587
bin_434	434	1.1398423595219933	0.9753111786461851	1.1686960884670587
bin_435	435	1.1540808543096872	0.9874944099654326	1.1686960884670587
bin_436	436	1.1468090516145435	0.9812722596845311	1.1686960884670587
bin_437	437	1.1427663361301805	0.9778130922206735	1.1686960884670587
bin_438	438	1.1420289855072463	0.9771821748844981	1.1686960884670587
bin_439	439	1.1377828629544877	0.973548961258937	1.1686960884670587
bin_440	440	1.1405288583778286	0.9758985844419346	1.1686960884670587
bin_441	441	1.1272819730485635	0.964563828160992	1.1686960884670587
bin_442	442	1.1179760996694634	0.956601216263055	1.1686960884670587
bin_443	443	1.1230104246122552	0.9609088587652176	1.1686960884670587
bin_444	444	1.134833460462751	0.9710252919142356	1.1686960884670587
bin_445	445	1.1415967454869056	0.9768123267908781	1.1686960884670587
bin_446	446	1.1516145436053904	0.9853841002547774	1.1686960884670587
bin_447	447	1.1557589626239513	0.9889302907994869	1.1686960884670587
bin_448	448	1.1586829392321383	0.9914322043739751	1.1686960884670587
bin_449	449	1.149071955250445	0.9832085232334831	1.1686960884670587
bin_450	450	1.143020594965675	0.978030649922803	1.1686960884670587
bin_451	451	1.1410373760488177	0.9763336998461934	1.1686960884670587
bin_452	452	1.151767098906687	0.985514634876055	1.1686960884670587
bin_453	453	1.1675057208237987	0.998981456637866	1.1686960884670587
bin_454	454	1.15069921179761	0.9846008925271115	1.1686960884670587
bin_455	455	1.1417493007882025	0.9769428614121559	1.1686960884670587
bin_456	456	1.158098143910501	0.9909318216590774	1.1686960884670587
bin_457	457	1.1732011187388762	1.003854749165565	1.1686960884670587
bin_458	458	1.1834731756928554	1.0126440803315935	1.1686960884670587
bin_459	459	1.1968726163234173	1.024109371233814	1.1686960884670587
bin_460	460	1.1875158911772183	1.0161032477954512	1.1686960884670587
bin_461	461	1.1731756928553267	1.003832993395352	1.1686960884670587
bin_462	462	1.1598525298754132	0.9924329698037705	1.1686960884670587
bin_463	463	1.1609966946351387	0.9934119794633529	1.1686960884670587
bin_464	464	1.158326976862446	0.9911276235909939	1.1686960884670587
bin_465	465	1.15906432748538	0.9917585409271692	1.1686960884670587
bin_466	466	1.1478260869565218	0.982142490493049	1.1686960884670587
bin_467	467	1.1254004576659038	0.9629539011652342	1.1686960884670587
bin_468	468	1.1118484617340452	0.9513580756417361	1.1686960884670587
bin_469	469	1.1078311721332317	0.9479206639480914	1.1686960884670587
bin_470	470	1.1076023391812866	0.9477248620161749	1.1686960884670587
bin_471	471	1.1058225273328248	0.946201958101269	1.1686960884670587
bin_472	472	1.0897787948131197	0.9324740670969025	1.1686960884670587
bin_473	473	1.0996948893974066	0.9409588174799499	1.1686960884670587
bin_474	474	1.1088482074752097	0.948790894756609	1.1686960884670587
bin_475	475	1.122044241037376	0.960082139497126	1.1686960884670587
bin_476	476	1.1298499872870582	0.966761160952499	1.1686960884670587
bin_477	477	1.127307398932113	0.9645855839312049	1.1686960884670587
bin_478	478	1.1289600813628273	0.9659997089950461	1.1686960884670587
bin_479	479	1.134935163996949	0.9711123149950874	1.1686960884670587
bin_480	480	1.1526824307144674	0.9862978426037209	1.1686960884670587
bin_481	481	1.1670480549199085	0.998589852774033	1.1686960884670587
bin_482	482	1.168421052631579	0.9997646643655319	1.1686960884670587
bin_483	483	1.1767098906687008	1.006857045454951	1.1686960884670587
bin_484	484	1.1733790999237224	1.0040070395570555	1.1686960884670587
bin_485	485	1.1554538520213578	0.9886692215569315	1.1686960884670587
bin_486	486	1.1418001525553012	0.9769863729525816	1.1686960884670587
bin_487	487	1.1405797101449275	0.9759420959823605	1.1686960884670587
bin_488	488	1.1379354182557844	0.9736794958802145	1.1686960884670587
bin_489	489	1.1396643783371472	0.9751588882546945	1.1686960884670587
bin_490	490	1.144419018560895	0.9792272172845147	1.1686960884670587
bin_491	491	1.1477752351894228	0.9820989789526231	1.1686960884670587
bin_492	492	1.157259089753369	0.9902138812420505	1.1686960884670587
bin_493	493	1.1694635138571066	1.0006566509442625	1.1686960884670587
bin_494	494	1.1632341723874904	0.9953264872420917	1.1686960884670587
bin_495	495	1.1622679888126113	0.994499767974	1.1686960884670587
bin_496	496	1.1666158148995678	0.998220004680413	1.1686960884670587
bin_497	497	1.174650394101195	1.0050948280677026	1.1686960884670587
bin_498	498	1.1686753114670734	0.9999822220676612	1.1686960884670587
bin_499	499	1.160233918128655	0.9927593063569646	1.1686960884670587
bin_500	500	1.1678362573099415	0.9992642816506342	1.1686960884670587
bin_501	501	1.1586320874650393	0.9913886928335491	1.1686960884670587
bin_502	502	1.1611238240528858	0.9935207583144176	1.1686960884670587
bin_503	503	1.1466564963132468	0.9811417250632536	1.1686960884670587
bin_504	504	1.136511568777015	0.9724611727482899	1.1686960884670587
bin_505	505	1.1254004576659038	0.9629539011652342	1.1686960884670587
bin_506	506	1.1330027968471905	0.9694588764589039	1.1686960884670587
bin_507	507	1.146325959827104	0.9808589000504855	1.1686960884670587
bin_508	508	1.1405797101449275	0.9759420959823605	1.1686960884670587
bin_509	509	1.144419018560895	0.9792272172845147	1.1686960884670587
bin_510	510	1.137909992372235	0.9736577401100016	1.1686960884670587
bin_511	511	1.1185354691075515	0.9570798432077399	1.1686960884670587
bin_512	512	1.1195525044495296	0.9579500740162575	1.1686960884670587
bin_513	513	1.1213323162979913	0.9594729779311635	1.1686960884670587
bin_514	514	1.1294685990338165	0.966434824399305	1.1686960884670587
bin_515	515	1.139486397152301	0.975006597863204	1.1686960884670587
bin_516	516	1.1429697431985761	0.977987138382377	1.1686960884670587
bin_517	517	1.1398677854055428	0.9753329344163981	1.1686960884670587
bin_518	518	1.145995423340961	0.980576075037717	1.1686960884670587
bin_519	519	1.1476481057716756	0.9819902001015585	1.1686960884670587
bin_520	520	1.1439867785405542	0.9788573691908946	1.1686960884670587
bin_521	521	1.1250444952962115	0.962649320382253	1.1686960884670587
bin_522	522	1.1224510551741673	0.960430231820533	1.1686960884670587
bin_523	523	1.1302313755403	0.9670874975056931	1.1686960884670587
bin_524	524	1.127205695397915	0.964498560850353	1.1686960884670587
bin_525	525	1.1369946605644545	0.9728745323823357	1.1686960884670587
bin_526	526	1.137248919399949	0.9730920900844651	1.1686960884670587
bin_527	527	1.151436562420544	0.9852318098632866	1.1686960884670587
bin_528	528	1.149643947100712	0.9836979506012237	1.1686960884670587
bin_529	529	1.154348931841302	0.9877237916962865	1.1686960884670587
bin_530	530	1.1630976602238048	0.9952096800027822	1.1686960884670587
bin_531	531	1.1641912512716175	0.9961454160410941	1.1686960884670587
bin_532	532	1.1648270600203459	0.996689448621508	1.1686960884670587
bin_533	533	1.1589267548321465	0.9916408262752668	1.1686960884670587
bin_534	534	1.16617497456765	0.9978427976919854	1.1686960884670587
bin_535	535	1.1735249237029501	1.0041318143215703	1.1686960884670587
bin_536	536	1.1901576805696847	1.0183637066251985	1.1686960884670587
bin_537	537	1.1922431332655137	1.020148133488956	1.1686960884670587
bin_538	538	1.1973041709053918	1.0244786328290507	1.1686960884670587
bin_539	539	1.1967446592065107	1.0239998841582865	1.1686960884670587
bin_540	540	1.1898779247202442	1.0181243322898164	1.1686960884670587
bin_541	541	1.1765768056968464	1.0067431707075571	1.1686960884670587
bin_542	542	1.1830366225839268	1.0122705417245625	1.1686960884670587
bin_543	543	1.1757884028484231	1.0060685703078438	1.1686960884670587
bin_544	544	1.175915564598169	1.0061773768239266	1.1686960884670587
bin_545	545	1.1666073245167854	0.9982127398466669	1.1686960884670587
bin_546	546	1.1638351983723296	0.9958407577960623	1.1686960884670587
bin_547	547	1.158112919633774	0.990944464572337	1.1686960884670587
bin_548	548	1.1603763987792473	0.9928812205586106	1.1686960884670587
bin_549	549	1.156561546286877	0.9896170250761271	1.1686960884670587
bin_550	550	1.1518311291963377	0.9855694226778475	1.1686960884670587
bin_551	551	1.1386571719226857	0.9742970676116712	1.1686960884670587
bin_552	552	1.142472024415056	0.9775612630941547	1.1686960884670587
bin_553	553	1.1448372329603256	0.9795850642932945	1.1686960884670587
bin_554	554	1.150762970498474	0.9846554479427522	1.1686960884670587
bin_555	555	1.1609867751780265	0.993403491835808	1.1686960884670587
bin_556	556	1.1546286876907426	0.9879631660316687	1.1686960884670587
bin_557	557	1.149262461851475	0.9833715310529754	1.1686960884670587
bin_558	558	1.1410223804679553	0.9763208688108111	1.1686960884670587
bin_559	559	1.1353255340793489	0.9714463368903022	1.1686960884670587
bin_560	560	1.1554933875890132	0.9887030503410317	1.1686960884670587
bin_561	561	1.1603001017294	0.992815936648961	1.1686960884670587
bin_562	562	1.161266531027467	0.9936428661711901	1.1686960884670587
bin_563	563	1.1648270600203459	0.996689448621508	1.1686960884670587
bin_564	564	1.1718972533062055	1.0027390909157108	1.1686960884670587
bin_565	565	1.1767548321464902	1.006895499830073	1.1686960884670587
bin_566	566	1.180645981688708	1.0102249792222062	1.1686960884670587
bin_567	567	1.1848423194303153	1.0138155942529379	1.1686960884670587
bin_568	568	1.1918107833163785	1.0197781913342745	1.1686960884670587
bin_569	569	1.200025432349949	1.0268070922732222	1.1686960884670587
bin_570	570	1.2084435401831128	1.0340100836379025	1.1686960884670587
bin_571	571	1.214471007121058	1.0391675125002264	1.1686960884670587
bin_572	572	1.2266531027466938	1.0495911767409571	1.1686960884670587
bin_573	573	1.2196337741607324	1.0435850570531873	1.1686960884670587
bin_574	574	1.2196083418107833	1.0435632957499708	1.1686960884670587
bin_575	575	1.2094354018311293	1.0348587744633484	1.1686960884670587
bin_576	576	1.195701932858596	1.0231076707264075	1.1686960884670587
bin_577	577	1.1999491353001017	1.0267418083635727	1.1686960884670587
bin_578	578	1.1956002034587996	1.0230206255135414	1.1686960884670587
bin_579	579	1.189496439471007	1.0177979127415677	1.1686960884670587
bin_580	580	1.1936164801627671	1.02132324386265	1.1686960884670587
bin_581	581	1.1852492370295016	1.014163775104403	1.1686960884670587
bin_582	582	1.1785605289928789	1.0084405523584485	1.1686960884670587
bin_583	583	1.1682858596134282	0.9996489858589597	1.1686960884670587
bin_584	584	1.158290946083418	0.9910967936948529	1.1686960884670587
bin_585	585	1.1509664292980673	0.9848295383684847	1.1686960884670587
bin_586	586	1.1630722278738554	0.9951879186995655	1.1686960884670587
bin_587	587	1.1515768056968463	0.9853518096456819	1.1686960884670587
bin_588	588	1.1501271617497457	0.9841114153623383	1.1686960884670587
bin_589	589	1.1443285859613428	0.9791498382289633	1.1686960884670587
bin_590	590	1.1384282807731434	0.9741012158827222	1.1686960884670587
bin_591	591	1.145320447609359	0.979998529054409	1.1686960884670587
bin_592	592	1.13118006103764	0.9678992444660036	1.1686960884670587
bin_593	593	1.1265768056968464	0.9639604485838068	1.1686960884670587
bin_594	594	1.1246439471007121	0.9623065895393486	1.1686960884670587
bin_595	595	1.1134791454730417	0.9527533774272803	1.1686960884670587
bin_596	596	1.1185910478128178	0.9571273993738081	1.1686960884670587
bin_597	597	1.1087741607324517	0.9487275363322173	1.1686960884670587
bin_598	598	1.1217192268565614	0.9598040396694445	1.1686960884670587
bin_599	599	1.1339776195320448	0.9702929878198249	1.1686960884670587
bin_600	600	1.1320193285859614	0.9686173674721501	1.1686960884670587
bin_601	601	1.1422431332655136	0.9773654113652056	1.1686960884670587
bin_602	602	1.1314852492370295	0.9681603801046024	1.1686960884670587
bin_603	603	1.127416073245168	0.9646785715899533	1.1686960884670587
bin_604	604	1.1247711088504577	0.9624153960554312	1.1686960884670587
bin_605	605	1.126093591047813	0.9635469838226924	1.1686960884670587
bin_606	606	1.1198422793182397	0.9581980211699869	1.1686960884670587
bin_607	607	1.1114220300178073	0.9509931974493249	1.1686960884670587
bin_608	608	1.1156957517171204	0.9546500264072441	1.1686960884670587
bin_609	609	1.1261256677690155	0.9635744304116893	1.1686960884670587
bin_610	610	1.1397608750953956	0.9752414561345742	1.1686960884670587
bin_611	611	1.1498855253116256	0.983904658070597	1.1686960884670587
bin_612	612	1.1512337827524803	0.9850583005394643	1.1686960884670587
bin_613	613	1.1475960315441363	0.9819456425574259	1.1686960884670587
bin_614	614	1.148511829051132	0.9827292487626944	1.1686960884670587
bin_615	615	1.154006614093106	0.9874308859943046	1.1686960884670587
bin_616	616	1.1634444161790893	0.9955063832763761	1.1686960884670587
bin_617	617	1.1726278300686848	1.003364212168095	1.1686960884670587
bin_618	618	1.177003307046553	1.0071081084821552	1.1686960884670587
bin_619	619	1.1797252607479014	1.0094371602589252	1.1686960884670587
bin_620	620	1.1812515899262275	1.010743170601039	1.1686960884670587
bin_621	621	1.1829814296616636	1.0122233156554348	1.1686960884670587
bin_622	622	1.184049860086492	1.0131375228949147	1.1686960884670587
bin_623	623	1.174052403968456	1.0045831551540683	1.1686960884670587
bin_624	624	1.1696769269905876	1.0008392588400081	1.1686960884670587
bin_625	625	1.1711269397099975	1.0020799686650164	1.1686960884670587
bin_626	626	1.1737980157720682	1.004365486763716	1.1686960884670587
bin_627	627	1.1750445179343678	1.0054320618764423	1.1686960884670587
bin_628	628	1.1828033579241923	1.0120709477821883	1.1686960884670587
bin_629	629	1.1847112693971	1.0137034607098308	1.1686960884670587
bin_630	630	1.1820147545153905	1.0113961757720962	1.1686960884670587
bin_631	631	1.1752734673111167	1.0056279634277594	1.1686960884670587
bin_632	632	1.1771305011447468	1.0072169426773312	1.1686960884670587
bin_633	633	1.1767489188501654	1.0068904400918028	1.1686960884670587
bin_634	634	1.1805393029763418	1.0101336991080525	1.1686960884670587
bin_635	635	1.1722716865937421	1.0030594764216019	1.1686960884670587
bin_636	636	1.1670567285677944	0.9985972744193791	1.1686960884670587
bin_637	637	1.1896972780462987	1.0179697611607363	1.1686960884670587
bin_638	638	1.1959552276774357	1.0233244035634037	1.1686960884670587
bin_639	639	1.2049860086491986	1.0310516314209113	1.1686960884670587
bin_640	640	1.2002543881963876	1.027002999360358	1.1686960884670587
bin_641	641	1.2083948104807938	1.0339683878516326	1.1686960884670587
bin_642	642	1.2009157975069957	1.027568937175274	1.1686960884670587
bin_643	643	1.1870770796235055	1.0157277767401074	1.1686960884670587
bin_644	644	1.2000508776392775	1.026828864648076	1.1686960884670587
bin_645	645	1.205825489697278	1.031769937109074	1.1686960884670587
bin_646	646	1.2018824726532689	1.028396077058613	1.1686960884670587
bin_647	647	1.204833375731366	1.0309210303867	1.1686960884670587
bin_648	648	1.1996947341643347	1.026524128901583	1.1686960884670587
bin_649	649	1.1938438056474179	1.0215177559234794	1.1686960884670587
bin_650	650	1.1934876621724753	1.0212130201769862	1.1686960884670587
bin_651	651	1.1943271432205547	1.0219313258651488	1.1686960884670587
bin_652	652	1.1763164589163062	1.0065204038282038	1.1686960884670587
bin_653	653	1.170414652760112	1.0014704971720298	1.1686960884670587
bin_654	654	1.1638259984736707	0.9958328858619044	1.1686960884670587
bin_655	655	1.1532180106843042	0.9867561139842124	1.1686960884670587
bin_656	656	1.152912744848639	0.9864949119157895	1.1686960884670587
bin_657	657	1.1698041210887815	1.0009480930351844	1.1686960884670587
bin_658	658	1.1866954973289239	1.0154012741545788	1.1686960884670587
bin_659	659	1.168862884762147	1.0001427199908806	1.1686960884670587
bin_660	660	1.1619435258204018	0.9942221397732972	1.1686960884670587
bin_661	661	1.1606970236581022	0.9931555646605709	1.1686960884670587
bin_662	662	1.1519969473416434	0.9857113057105212	1.1686960884670587
bin_663	663	1.1463749682014754	0.9809008342837348	1.1686960884670587
bin_664	664	1.1322055456626812	0.96877670494111	1.1686960884670587
bin_665	665	1.138514372933096	0.9741748810218479	1.1686960884670587
bin_666	666	1.1347239888069194	0.9709316220055981	1.1686960884670587
bin_667	667	1.131238870516408	0.9679495650577712	1.1686960884670587
bin_668	668	1.1461205800050878	0.9806831658933824	1.1686960884670587
bin_669	669	1.144351145038168	0.979169141003267	1.1686960884670587
bin_670	670	1.1299745547073792	0.9668677476190843	1.1686960884670587
bin_671	671	1.1255979643765903	0.9631228986596516	1.1686960884670587
bin_672	672	1.1170483460559797	0.9558073797621555	1.1686960884670587
bin_673	673	1.106412213740458	0.9467065258956273	1.1686960884670587
bin_674	674	1.1104071246819338	0.9501247891899932	1.1686960884670587
bin_675	675	1.112824427480916	0.9521931650687496	1.1686960884670587
bin_676	676	1.127735368956743	0.9649517783840258	1.1686960884670587
bin_677	677	1.1604580152671755	0.9929510560690856	1.1686960884670587
bin_678	678	1.157201017811705	0.9901641917271824	1.1686960884670587
bin_679	679	1.1525954198473283	0.9862233913687097	1.1686960884670587
bin_680	680	1.1680152671755726	0.9994174522374083	1.1686960884670587
bin_681	681	1.1653944020356235	0.997174897337283	1.1686960884670587
bin_682	682	1.1586259541984734	0.9913834448767651	1.1686960884670587
bin_683	683	1.1600763358778625	0.9926244704040188	1.1686960884670587
bin_684	684	1.1523664122137405	0.9860274399696697	1.1686960884670587
bin_685	685	1.1602798982188296	0.9927986494253879	1.1686960884670587
bin_686	686	1.1834860050890585	1.012655057861449	1.1686960884670587
bin_687	687	1.1957760814249363	1.0231711162765997	1.1686960884670587
bin_688	688	1.1973027989821883	1.024477458936867	1.1686960884670587
bin_689	689	1.1975063613231551	1.024651637958236	1.1686960884670587
bin_690	690	1.1884223918575063	1.0168788991296462	1.1686960884670587
bin_691	691	1.183384223918575	1.0125679683507645	1.1686960884670587
bin_692	692	1.1791094147582697	1.0089102089020163	1.1686960884670587
bin_693	693	1.1775826972010177	1.0076038662417492	1.1686960884670587
bin_694	694	1.1747328244274808	1.0051653599425838	1.1686960884670587
bin_695	695	1.1900763358778625	1.018294103678269	1.1686960884670587
bin_696	696	1.1906615776081424	1.0187948683647048	1.1686960884670587
bin_697	697	1.1944783715012723	1.0220607250153728	1.1686960884670587
bin_698	698	1.2015776081424936	1.0281352183856152	1.1686960884670587
bin_699	699	1.2095674300254453	1.0349717449743467	1.1686960884670587
bin_700	700	1.197531806615776	1.0246734103359072	1.1686960884670587
bin_701	701	1.1948091603053435	1.0223437659250973	1.1686960884670587
bin_702	702	1.1917302798982188	1.0197093082268918	1.1686960884670587
bin_703	703	1.1847837150127227	1.0137654491226762	1.1686960884670587
bin_704	704	1.2051145038167939	1.0311615788819009	1.1686960884670587
bin_705	705	1.2141257317383558	1.03887207608514	1.1686960884670587
bin_706	706	1.2163400356324765	1.0407667550491342	1.1686960884670587
bin_707	707	1.206592008144566	1.032425812023735	1.1686960884670587
bin_708	708	1.1984474420972258	1.0254568779032973	1.1686960884670587
bin_709	709	1.193789768388903	1.0214715187031718	1.1686960884670587
bin_710	710	1.196742173581064	1.0239977573218306	1.1686960884670587
bin_711	711	1.1799949096462203	1.0096678865366804	1.1686960884670587
bin_712	712	1.1779842199032833	1.0079474309256973	1.1686960884670587
bin_713	713	1.176431662000509	1.006618977858989	1.1686960884670587
bin_714	714	1.1857979129549503	1.0146332520974923	1.1686960884670587
bin_715	715	1.2014252990582845	1.0280048944410822	1.1686960884670587
bin_716	716	1.193357088317638	1.0211012940780237	1.1686960884670587
bin_717	717	1.1901756172053959	1.0183790541872277	1.1686960884670587
bin_718	718	1.1827182489183	1.0119981238832019	1.1686960884670587
bin_719	719	1.1815983710867906	1.0110398954416415	1.1686960884670587
bin_720	720	1.190913718503436	1.0190106138418922	1.1686960884670587
bin_721	721	1.1966131907308377	1.0238873925730314	1.1686960884670587
bin_722	722	1.2055767761650114	1.0315571242702863	1.1686960884670587
bin_723	723	1.2073338426279603	1.0330605659950325	1.1686960884670587
bin_724	724	1.1977591036414565	1.024867898045692	1.1686960884670587
bin_725	725	1.1987522281639929	1.025717669455331	1.1686960884670587
bin_726	726	1.1987522281639929	1.025717669455331	1.1686960884670587
bin_727	727	1.2100585688820984	1.0353919901189141	1.1686960884670587
bin_728	728	1.2191240132416603	1.0431488778581832	1.1686960884670587
bin_729	729	1.2212885154061626	1.0450009437509864	1.1686960884670587
bin_730	730	1.2241405653170359	1.0474413129273854	1.1686960884670587
bin_731	731	1.2097275273745862	1.0351087329823676	1.1686960884670587
bin_732	732	1.2085816144639674	1.0341282275097072	1.1686960884670587
bin_733	733	1.2141583906289788	1.038900020809988	1.1686960884670587
bin_734	734	1.2127832951362363	1.0377234142427954	1.1686960884670587
bin_735	735	1.1951107715813598	1.0226018409533213	1.1686960884670587
bin_736	736	1.1790170613700026	1.008831186315068	1.1686960884670587
bin_737	737	1.189686783804431	1.0179607817160619	1.1686960884670587
bin_738	738	1.188158899923606	1.016653441085848	1.1686960884670587
bin_739	739	1.186045327221798	1.014844953214052	1.1686960884670587
bin_740	740	1.1927680162974281	1.0205972519869932	1.1686960884670587
bin_741	741	1.1868601986249045	1.015542201550166	1.1686960884670587
bin_742	742	1.1741023682200153	1.00462590728788	1.1686960884670587
bin_743	743	1.1888181355068772	1.0172175189413117	1.1686960884670587
bin_744	744	1.18762098828324	1.01619317460111	1.1686960884670587
bin_745	745	1.1806418746816099	1.0102214650433374	1.1686960884670587
bin_746	746	1.1726693835965358	1.0033997676288013	1.1686960884670587
bin_747	747	1.1758278145695364	1.0061022931221	1.1686960884670587
bin_748	748	1.1692817116658176	1.0005010910916345	1.1686960884670587
bin_749	749	1.1720835455934793	1.0028984927389153	1.1686960884670587
bin_750	750	1.1646204788588894	0.9965126865329761	1.1686960884670587
bin_751	751	1.1613856342333164	0.9937447773583882	1.1686960884670587
bin_752	752	1.1546612328069281	0.9879910134049138	1.1686960884670587
bin_753	753	1.169612837493632	1.000784420377222	1.1686960884670587
bin_754	754	1.1704279164544065	1.0014818463109767	1.1686960884670587
bin_755	755	1.1629139072847683	0.9950524509841778	1.1686960884670587
bin_756	756	1.1683902190524706	0.9997382814765905	1.1686960884670587
bin_757	757	1.1741467142129394	1.0046638521337314	1.1686960884670587
bin_758	758	1.1740193581253184	1.0045548793315824	1.1686960884670587
bin_759	759	1.1848446255731024	1.0138175675142587	1.1686960884670587
bin_760	760	1.2034386143657667	1.0297275966280324	1.1686960884670587
bin_761	761	1.1984207845134998	1.0254340682233565	1.1686960884670587
bin_762	762	1.198955680081508	1.0258917539923829	1.1686960884670587
bin_763	763	1.2156393275598574	1.0401671910739194	1.1686960884670587
bin_764	764	1.2261844116148752	1.0491901390918679	1.1686960884670587
bin_765	765	1.2302343352012226	1.0526554742002103	1.1686960884670587
bin_766	766	1.2206571574121243	1.0444607194785953	1.1686960884670587
bin_767	767	1.2174477840040754	1.0417146048644372	1.1686960884670587
bin_768	768	1.2298777381558839	1.0523503503541927	1.1686960884670587
bin_769	769	1.245899133978604	1.0660591288645538	1.1686960884670587
bin_770	770	1.2528527763627102	1.0720090438618965	1.1686960884670587
bin_771	771	1.2503311258278145	1.0698513823793436	1.1686960884670587
bin_772	772	1.2546612328069282	1.0735564576524144	1.1686960884670587
bin_773	773	1.2481151299032094	1.0679552556219487	1.1686960884670587
bin_774	774	1.2590422822210903	1.0773051220463445	1.1686960884670587
bin_775	775	1.2755221599592461	1.0914062026444427	1.1686960884670587
bin_776	776	1.275369332654101	1.0912754352818637	1.1686960884670587
bin_777	777	1.2748089658685686	1.0907959549524076	1.1686960884670587
bin_778	778	1.2601884870096791	1.0782858772656867	1.1686960884670587
bin_779	779	1.2589403973509934	1.0772179438046252	1.1686960884670587
bin_780	780	1.2612582781456954	1.0792012488037395	1.1686960884670587
bin_781	781	1.2526235354049924	1.0718128928180282	1.1686960884670587
bin_782	782	1.2562149770759041	1.0748859258386336	1.1686960884670587
bin_783	783	1.236984207845135	1.0584310327141144	1.1686960884670587
bin_784	784	1.2262353540499236	1.0492337282127275	1.1686960884670587
bin_785	785	1.20618950585838	1.0320814091544537	1.1686960884670587
bin_786	786	1.1988537952114111	1.0258045757506635	1.1686960884670587
bin_787	787	1.2038970962812023	1.0301198987157694	1.1686960884670587
bin_788	788	1.1927152317880794	1.0205520866870752	1.1686960884670587
bin_789	789	1.188257768721345	1.0167380386118556	1.1686960884670587
bin_790	790	1.1762098828323995	1.0064292115285474	1.1686960884670587
bin_791	791	1.1863219561895058	1.0150816520191885	1.1686960884670587
bin_792	792	1.191365257259297	1.0193969749842944	1.1686960884670587
bin_793	793	1.1929699439633215	1.0207700322913735	1.1686960884670587
bin_794	794	1.1961029037187978	1.0234507632242422	1.1686960884670587
bin_795	795	1.1792154865002547	1.009000969659267	1.1686960884670587
bin_796	796	1.1794447274579725	1.0091971207031354	1.1686960884670587
bin_797	797	1.1689760570555272	1.0002395563664765	1.1686960884670587
bin_798	798	1.175649516046867	1.005949731199091	1.1686960884670587
bin_799	799	1.1996434029546612	1.026480207123988	1.1686960884670587
bin_800	800	1.1964595007641365	1.0237558870702599	1.1686960884670587
